Model,accuracy_mean,accuracy_std,precision_mean,precision_std,recall_mean,recall_std,f1_mean,f1_std,roc_auc_mean,roc_auc_std
Random Forest,0.9584000991580862,0.0012049100927014143,0.990383369179861,0.001746471141619761,0.9257994739587497,0.00411747423582976,0.9569938340092228,0.0013800347879763945,0.9907123003853274,0.0011315263954792328
Gradient Boosting,0.9201000483971612,0.0009231799840305667,0.9688533884456394,0.006572562469172336,0.8682015097580725,0.007244482096310273,0.9157185920638046,0.0013759727322006589,0.9695371798519742,0.00013761240859656824
Decision Tree,0.9125006681831951,0.006061462079356619,0.9742177980734503,0.008901767155599939,0.8476027483578914,0.01582453738551906,0.906362890760872,0.007304891797440958,0.9580136599369674,0.0023653684256692187
Logistic Regression,0.8820997276692277,0.0028362069051873356,0.921009263117973,0.008051384342091112,0.8360011071015089,0.0046171985669432964,0.8764100834617016,0.002491434945064134,0.9455693500554511,0.0014874879567577303
